都道府県,市区町村
千葉県,いすみ市
千葉県,一宮町
千葉県,九十九里町
千葉県,佐倉市
千葉県,八千代市
千葉県,八街市
千葉県,勝浦市
千葉県,匝瑳市
千葉県,千葉市
千葉県,南房総市
千葉県,印西市
千葉県,君津市
千葉県,四街道市
千葉県,多古町
千葉県,大多喜町
千葉県,大網白里市
千葉県,富津市
千葉県,富里市
千葉県,山武市
千葉県,市原市
千葉県,市川市
千葉県,御宿町
千葉県,成田市
千葉県,我孫子市
千葉県,旭市
千葉県,木更津市
千葉県,東庄町
千葉県,東金市
千葉県,松戸市
千葉県,柏市
千葉県,栄町
千葉県,横芝光町
千葉県,流山市
千葉県,浦安市
千葉県,白井市
千葉県,白子町
千葉県,睦沢町
千葉県,神崎町
千葉県,習志野市
千葉県,船橋市
千葉県,芝山町
千葉県,茂原市
千葉県,酒々井町
千葉県,野田市
千葉県,銚子市
千葉県,鋸南町
千葉県,長南町
千葉県,長柄町
千葉県,長生村
千葉県,館山市
千葉県,香取市
千葉県,鴨川市
埼玉県,さいたま市
埼玉県,ときがわ町
埼玉県,ふじみ野市
埼玉県,三芳町
埼玉県,三郷市
埼玉県,上尾市
埼玉県,上里町
埼玉県,久喜市
埼玉県,伊奈町
埼玉県,入間市
埼玉県,八潮市
埼玉県,加須市
埼玉県,北本市
埼玉県,吉川市
埼玉県,吉見町
埼玉県,和光市
埼玉県,坂戸市
埼玉県,宮代町
埼玉県,寄居町
埼玉県,富士見市
埼玉県,小川町
埼玉県,小鹿野町
埼玉県,嵐山町
埼玉県,川口市
埼玉県,川島町
埼玉県,川越市
埼玉県,幸手市
埼玉県,志木市
埼玉県,戸田市
埼玉県,所沢市
埼玉県,新座市
埼玉県,日高市
埼玉県,春日部市
埼玉県,朝霞市
埼玉県,本庄市
埼玉県,杉戸町
埼玉県,東松山市
埼玉県,東秩父村
埼玉県,松伏町
埼玉県,桶川市
埼玉県,横瀬町
埼玉県,毛呂山町
埼玉県,深谷市
埼玉県,滑川町
埼玉県,熊谷市
埼玉県,狭山市
埼玉県,白岡市
埼玉県,皆野町
埼玉県,神川町
埼玉県,秩父市
埼玉県,美里町
埼玉県,羽生市
埼玉県,草加市
埼玉県,蓮田市
埼玉県,蕨市
埼玉県,行田市
埼玉県,越生町
埼玉県,越谷市
埼玉県,長瀞町
埼玉県,飯能市
埼玉県,鳩山町
埼玉県,鴻巣市
埼玉県,鶴ヶ島市
東京都,あきる野市
東京都,三鷹市
東京都,世田谷区
東京都,中央区
東京都,中野区
東京都,八王子市
東京都,北区
東京都,千代田区
東京都,台東区
東京都,品川区
東京都,国分寺市
東京都,国立市
東京都,墨田区
東京都,多摩市
東京都,大田区
東京都,奥多摩町
東京都,小平市
東京都,小金井市
東京都,府中市
東京都,文京区
東京都,新宿区
東京都,日の出町
東京都,日野市
東京都,昭島市
東京都,杉並区
東京都,東久留米市
東京都,東大和市
東京都,東村山市
東京都,板橋区
東京都,檜原村
東京都,武蔵村山市
東京都,武蔵野市
東京都,江戸川区
東京都,江東区
東京都,清瀬市
東京都,渋谷区
東京都,港区
東京都,狛江市
東京都,瑞穂町
東京都,町田市
東京都,目黒区
東京都,福生市
東京都,稲城市
東京都,立川市
東京都,練馬区
東京都,羽村市
東京都,荒川区
東京都,葛飾区
東京都,西東京市
東京都,調布市
東京都,豊島区
東京都,足立区
東京都,青梅市
神奈川県,三浦市
神奈川県,中井町
神奈川県,二宮町
神奈川県,伊勢原市
神奈川県,南足柄市
神奈川県,厚木市
神奈川県,大井町
神奈川県,大和市
神奈川県,大磯町
神奈川県,寒川町
神奈川県,小田原市
神奈川県,山北町
神奈川県,川崎市
神奈川県,平塚市
神奈川県,座間市
神奈川県,愛川町
神奈川県,松田町
神奈川県,横浜市
神奈川県,横須賀市
神奈川県,海老名市
神奈川県,清川村
神奈川県,湯河原町
神奈川県,相模原市
神奈川県,真鶴町
神奈川県,秦野市
神奈川県,箱根町
神奈川県,綾瀬市
神奈川県,茅ヶ崎市
神奈川県,葉山町
神奈川県,藤沢市
神奈川県,逗子市
神奈川県,鎌倉市
神奈川県,開成町
茨城県,かすみがうら市
茨城県,つくばみらい市
茨城県,つくば市
茨城県,下妻市
茨城県,五霞町
茨城県,八千代町
茨城県,利根町
茨城県,取手市
茨城県,古河市
茨城県,土浦市
茨城県,坂東市
茨城県,境町
茨城県,守谷市
茨城県,小美玉市
茨城県,常総市
茨城県,河内町
茨城県,潮来市
茨城県,牛久市
茨城県,石岡市
茨城県,神栖市
茨城県,稲敷市
茨城県,美浦村
茨城県,行方市
茨城県,阿見町
茨城県,鹿嶋市
